"Category","Volume"
"Investors Volume",0.16072405435098652
"Whales Volume",0.5881119879421017
"Retail Volume",0.25116395770691163